{"cameraMode":{"drawMode":0,"name":"Shaded","section":"Shading Mode"},"sceneLighting":false,"audioPlay":false,"sceneViewState":{"m_AlwaysRefresh":false,"showFog":true,"showSkybox":false,"showFlares":true,"showImageEffects":true,"showParticleSystems":true,"showVisualEffectGraphs":true,"m_FxEnabled":true},"in2DMode":false,"pivot":{"x":0.28816986083984377,"y":6.704407691955566,"z":-0.5904078483581543},"rotation":{"x":-0.28269627690315249,"y":0.23350325226783753,"z":-0.07116024941205979,"w":-0.9276310205459595},"size":20.077688217163087,"orthographic":false}