{"cameraMode":{"drawMode":0,"name":"Shaded","section":"Shading Mode"},"sceneLighting":true,"audioPlay":false,"sceneViewState":{"showFog":true,"showMaterialUpdate":false,"showSkybox":true,"showFlares":true,"showImageEffects":true,"showParticleSystems":true},"in2DMode":false,"pivot":{"x":-2.0119194984436037,"y":-9.489237785339356,"z":-13.316975593566895},"rotation":{"x":0.46683695912361147,"y":0.3634735345840454,"z":-0.21856912970542909,"w":0.7760992646217346},"size":8.774930000305176,"orthographic":false}