{"cameraMode":{"drawMode":0,"name":"Shaded","section":"Shading Mode"},"sceneLighting":true,"audioPlay":false,"sceneViewState":{"showFog":true,"showMaterialUpdate":false,"showSkybox":true,"showFlares":true,"showImageEffects":true,"showParticleSystems":true},"in2DMode":false,"pivot":{"x":19.794326782226564,"y":-150.0687713623047,"z":-4.719139099121094},"rotation":{"x":0.3576929569244385,"y":-0.4780028462409973,"z":0.22177183628082276,"w":0.7709645628929138},"size":231.40325927734376,"orthographic":false}