{"cameraMode":{"drawMode":0,"name":"Shaded","section":"Shading Mode"},"sceneLighting":false,"audioPlay":false,"sceneViewState":{"showFog":true,"showMaterialUpdate":true,"showSkybox":true,"showFlares":true,"showImageEffects":true,"showParticleSystems":true},"in2DMode":false,"pivot":{"x":-216.24459838867188,"y":-152.35406494140626,"z":40.60087203979492},"rotation":{"x":0.233686625957489,"y":-0.7618812322616577,"z":0.3773706257343292,"w":0.47176888585090639},"size":154.40989685058595,"orthographic":false}