{"cameraMode":{"drawMode":0,"name":"Shaded","section":"Shading Mode"},"sceneLighting":true,"audioPlay":false,"sceneViewState":{"showFog":true,"showMaterialUpdate":false,"showSkybox":true,"showFlares":true,"showImageEffects":true,"showParticleSystems":true},"in2DMode":false,"pivot":{"x":12.253998756408692,"y":5.140277862548828,"z":6.175607681274414},"rotation":{"x":-0.005061921663582325,"y":0.8681190609931946,"z":-0.49625715613365176,"w":-0.008853919804096222},"size":24.438974380493165,"orthographic":false}