{"cameraMode":{"drawMode":0,"name":"Shaded","section":"Shading Mode"},"sceneLighting":true,"audioPlay":false,"sceneViewState":{"showFog":true,"showMaterialUpdate":false,"showSkybox":true,"showFlares":true,"showImageEffects":true,"showParticleSystems":true},"in2DMode":false,"pivot":{"x":-44.233970642089847,"y":29.465713500976564,"z":-33.60477828979492},"rotation":{"x":-0.025221677497029306,"y":0.9706838130950928,"z":-0.208123117685318,"w":-0.11765027791261673},"size":0.300861656665802,"orthographic":false}