{"cameraMode":{"drawMode":0,"name":"Shaded","section":"Shading Mode"},"sceneLighting":true,"audioPlay":false,"sceneViewState":{"showFog":true,"showMaterialUpdate":false,"showSkybox":true,"showFlares":true,"showImageEffects":true,"showParticleSystems":true},"in2DMode":false,"pivot":{"x":68.78790283203125,"y":-5.794699668884277,"z":-78.41844940185547},"rotation":{"x":-0.02910635620355606,"y":-0.9129015803337097,"z":0.4020983576774597,"w":-0.06551042944192887},"size":22.96413230895996,"orthographic":false}