{"cameraMode":{"drawMode":0,"name":"Shaded","section":"Shading Mode"},"sceneLighting":true,"audioPlay":false,"sceneViewState":{"showFog":true,"showMaterialUpdate":false,"showSkybox":true,"showFlares":true,"showImageEffects":true,"showParticleSystems":true},"in2DMode":false,"pivot":{"x":35.2555046081543,"y":7.334831237792969,"z":-74.72059631347656},"rotation":{"x":0.009945541620254517,"y":0.9098020792007446,"z":-0.414515882730484,"w":0.021878130733966829},"size":-0.6875513792037964,"orthographic":false}