{"cameraMode":{"drawMode":0,"name":"Shaded","section":"Shading Mode"},"sceneLighting":false,"audioPlay":false,"sceneViewState":{"showFog":true,"showMaterialUpdate":true,"showSkybox":true,"showFlares":true,"showImageEffects":true,"showParticleSystems":true},"in2DMode":false,"pivot":{"x":105.38320922851563,"y":-1.2936058044433594,"z":8.64695930480957},"rotation":{"x":0.2055080235004425,"y":-0.7656883597373962,"z":0.5333301424980164,"w":0.2950427532196045},"size":33.54562759399414,"orthographic":false}