{"cameraMode":{"drawMode":0,"name":"Shaded","section":"Shading Mode"},"sceneLighting":false,"audioPlay":false,"sceneViewState":{"showFog":true,"showMaterialUpdate":true,"showSkybox":true,"showFlares":true,"showImageEffects":true,"showParticleSystems":true},"in2DMode":false,"pivot":{"x":-71.40569305419922,"y":-29.729263305664064,"z":-4.0662841796875},"rotation":{"x":0.11515124142169953,"y":-0.884159505367279,"z":0.3382677137851715,"w":0.3010472059249878},"size":126.29092407226563,"orthographic":false}