{"cameraMode":{"drawMode":0,"name":"Shaded","section":"Shading Mode"},"sceneLighting":true,"audioPlay":false,"sceneViewState":{"showFog":true,"showMaterialUpdate":false,"showSkybox":true,"showFlares":true,"showImageEffects":true,"showParticleSystems":true},"in2DMode":false,"pivot":{"x":19.049654006958009,"y":6.791165828704834,"z":-11.461746215820313},"rotation":{"x":-0.005330089014023542,"y":0.9938766956329346,"z":-0.0555255226790905,"w":-0.0954042300581932},"size":18.529312133789064,"orthographic":false}