{"cameraMode":{"drawMode":0,"name":"Shaded","section":"Shading Mode"},"sceneLighting":false,"audioPlay":false,"sceneViewState":{"showFog":true,"showMaterialUpdate":true,"showSkybox":true,"showFlares":true,"showImageEffects":true,"showParticleSystems":true},"in2DMode":false,"pivot":{"x":-148.95455932617188,"y":-176.945556640625,"z":-22.12152099609375},"rotation":{"x":0.233686625957489,"y":-0.7618812322616577,"z":0.3773706257343292,"w":0.47176888585090639},"size":119.36984252929688,"orthographic":false}