{"cameraMode":{"drawMode":0,"name":"Shaded","section":"Shading Mode"},"sceneLighting":true,"audioPlay":false,"sceneViewState":{"showFog":true,"showMaterialUpdate":false,"showSkybox":true,"showFlares":true,"showImageEffects":true,"showParticleSystems":true},"in2DMode":false,"pivot":{"x":13.782461166381836,"y":-10.842098236083985,"z":-15.806177139282227},"rotation":{"x":0.2908277213573456,"y":0.5620813369750977,"z":-0.21993985772132874,"w":0.7424554228782654},"size":14.242310523986817,"orthographic":false}