{"cameraMode":{"drawMode":0,"name":"Shaded","section":"Shading Mode"},"sceneLighting":false,"audioPlay":false,"sceneViewState":{"showFog":true,"showMaterialUpdate":true,"showSkybox":true,"showFlares":true,"showImageEffects":true,"showParticleSystems":true},"in2DMode":false,"pivot":{"x":48.69773864746094,"y":2.5717544555664064,"z":-44.8660774230957},"rotation":{"x":0.25697457790374758,"y":-0.7112935781478882,"z":0.5703890323638916,"w":0.32046449184417727},"size":142.72610473632813,"orthographic":false}