{"cameraMode":{"drawMode":0,"name":"Shaded","section":"Shading Mode"},"sceneLighting":true,"audioPlay":false,"sceneViewState":{"showFog":true,"showMaterialUpdate":false,"showSkybox":true,"showFlares":true,"showImageEffects":true,"showParticleSystems":true},"in2DMode":false,"pivot":{"x":-20.76620864868164,"y":-11.063827514648438,"z":30.604286193847658},"rotation":{"x":-0.028888462111353875,"y":0.7622149586677551,"z":-0.6457892656326294,"w":-0.034096475690603259},"size":135.9700927734375,"orthographic":false}