{"cameraMode":{"drawMode":0,"name":"Shaded","section":"Shading Mode"},"sceneLighting":true,"audioPlay":false,"sceneViewState":{"showFog":true,"showMaterialUpdate":false,"showSkybox":true,"showFlares":true,"showImageEffects":true,"showParticleSystems":true},"in2DMode":false,"pivot":{"x":-131.93807983398438,"y":-28.319908142089845,"z":-111.05043029785156},"rotation":{"x":0.127304345369339,"y":-0.7744374871253967,"z":0.5973306894302368,"w":0.1650504767894745},"size":39.3384895324707,"orthographic":false}