{"cameraMode":{"drawMode":0,"name":"Shaded","section":"Shading Mode"},"sceneLighting":true,"audioPlay":false,"sceneViewState":{"showFog":true,"showMaterialUpdate":false,"showSkybox":true,"showFlares":true,"showImageEffects":true,"showParticleSystems":true},"in2DMode":false,"pivot":{"x":0.5049726963043213,"y":-83.09097290039063,"z":102.5037841796875},"rotation":{"x":-0.17904362082481385,"y":0.009785505011677742,"z":-0.0017560505075380207,"w":-0.9838654398918152},"size":210.7893524169922,"orthographic":false}