{"cameraMode":{"drawMode":0,"name":"Shaded","section":"Shading Mode"},"sceneLighting":true,"audioPlay":false,"sceneViewState":{"showFog":true,"showMaterialUpdate":false,"showSkybox":true,"showFlares":true,"showImageEffects":true,"showParticleSystems":true},"in2DMode":false,"pivot":{"x":14.859033584594727,"y":12.398286819458008,"z":-40.941505432128909},"rotation":{"x":-0.6052617430686951,"y":-0.027396440505981447,"z":0.02046731300652027,"w":-0.7954866886138916},"size":50.323062896728519,"orthographic":false}