{"cameraMode":{"drawMode":0,"name":"Shaded","section":"Shading Mode"},"sceneLighting":false,"audioPlay":false,"sceneViewState":{"showFog":true,"showMaterialUpdate":true,"showSkybox":true,"showFlares":true,"showImageEffects":true,"showParticleSystems":true},"in2DMode":false,"pivot":{"x":-38.74795913696289,"y":-51.80340576171875,"z":27.49944305419922},"rotation":{"x":-0.05827837437391281,"y":-0.8146162033081055,"z":0.5710473656654358,"w":-0.08313674479722977},"size":167.935546875,"orthographic":false}