{"cameraMode":{"drawMode":0,"name":"Shaded","section":"Shading Mode"},"sceneLighting":false,"audioPlay":false,"sceneViewState":{"showFog":true,"showMaterialUpdate":true,"showSkybox":true,"showFlares":true,"showImageEffects":true,"showParticleSystems":true},"in2DMode":false,"pivot":{"x":15.82114028930664,"y":15.234966278076172,"z":38.32210922241211},"rotation":{"x":-0.20364154875278474,"y":0.6638863682746887,"z":-0.1951187700033188,"w":-0.6926717758178711},"size":69.73548126220703,"orthographic":false}