{"cameraMode":{"drawMode":0,"name":"Shaded","section":"Shading Mode"},"sceneLighting":true,"audioPlay":false,"sceneViewState":{"showFog":true,"showMaterialUpdate":false,"showSkybox":true,"showFlares":true,"showImageEffects":true,"showParticleSystems":true},"in2DMode":false,"pivot":{"x":-21.502920150756837,"y":-13.754962921142579,"z":-105.37068939208985},"rotation":{"x":-0.0074367644265294079,"y":-0.9839426279067993,"z":0.17326900362968446,"w":-0.04223118722438812},"size":89.08126068115235,"orthographic":false}