{"cameraMode":{"drawMode":0,"name":"Shaded","section":"Shading Mode"},"sceneLighting":true,"audioPlay":false,"sceneViewState":{"showFog":true,"showMaterialUpdate":false,"showSkybox":true,"showFlares":true,"showImageEffects":true,"showParticleSystems":true},"in2DMode":false,"pivot":{"x":-5.632270812988281,"y":-28.45199966430664,"z":-28.658531188964845},"rotation":{"x":-0.2307581752538681,"y":0.6673331260681152,"z":-0.22992849349975587,"w":-0.6697415709495544},"size":43.329742431640628,"orthographic":false}