{"cameraMode":{"drawMode":0,"name":"Shaded","section":"Shading Mode"},"sceneLighting":false,"audioPlay":false,"sceneViewState":{"showFog":true,"showMaterialUpdate":true,"showSkybox":true,"showFlares":true,"showImageEffects":true,"showParticleSystems":true},"in2DMode":false,"pivot":{"x":-0.49457454681396487,"y":24.91278839111328,"z":103.5634765625},"rotation":{"x":0.04533758386969566,"y":-0.8598829507827759,"z":0.5025478005409241,"w":0.0775865688920021},"size":72.12346649169922,"orthographic":false}