{"cameraMode":{"drawMode":0,"name":"Shaded","section":"Shading Mode"},"sceneLighting":false,"audioPlay":false,"sceneViewState":{"showFog":true,"showMaterialUpdate":false,"showSkybox":true,"showFlares":true,"showImageEffects":true,"showParticleSystems":true},"in2DMode":false,"pivot":{"x":4.964547157287598,"y":-125.69786071777344,"z":48.85698318481445},"rotation":{"x":-0.5782166719436646,"y":0.022507932037115098,"z":-0.015962332487106324,"w":-0.8154197931289673},"size":120.53970336914063,"orthographic":false}